{
   "studyTitle":"Study Number One",
   "studyType":"INTERVENTIONAL",
   "studyPhase":"PHASE_1_TRIAL",
   "studyStatus":"this is a study status",
   "studyIdentifiers":[
      {
         "id":"7d2df154-9cbd-42b4-8f92-2b2e3d0b34cf",
         "orgCode":"2.16.840.1.113883.3.1077",
         "name":"ClinicalTrials.gov",
         "idType":"REGISTRY_STUDY"
      },
      {
         "id":"f5fcb29c-3725-4004-ac08-9944b17cf71a",
         "orgCode":"2.16.840.1.113883.3.1077",
         "name":"ClinicalTrials.gov",
         "idType":"SPONSOR_ID"
      }
   ],
   "studyProtocolReferences":[
      {
         "studyProtocolId":"4fced440-0678-4f64-b373-7c7495129098",
         "studyProtocolVersion":"1.0"
      }
   ],
   "studyVersion":"1.0",
   "studyTag":null,
   "studyId":"87b1e26a-089f-4d13-8660-72432b9b3aad",
   "currentSections":[
      {
         "id":"aa08c292-9f42-42be-a20b-82a545eac29a",
         "sectionType":"STUDY_INDICATIONS",
         "studyIndications":[
            {
               "id":"b2c459c1-967c-4b12-8a2e-2908e1c36301",
               "description":"Alzheimer's disease",
               "coding":[
                  {
                     "code":"26929004",
                     "codeSystem":"SNOMED-CT",
                     "codeSystemVersion":"4.0.6.4",
                     "decode":"Alzheimer's disease (disorder)"
                  }
               ]
            }
         ]
      },
      {
         "id":"097c85e8-92f5-4cb4-8ff5-cbbdcca82a64",
         "sectionType":"STUDY_DESIGNS",
         "studyDesigns":[
            {
               "trialIntentType":null,
               "trialType":null,
               "currentSections":[
                  {
                     "id":"a0f75b95-ca57-4314-93a5-23fb33879c56",
                     "sectionType":"STUDY_POPULATIONS",
                     "studyPopulations":[
                        {
                           "id":"74002c07-4842-496f-b08b-9d6bed97f0aa",
                           "description":"healthy volunteers of age between 18 and 65"
                        }
                     ]
                  },
                  {
                     "id":"f60613e0-c422-49a4-9d6f-47681bee91a2",
                     "sectionType":"PLANNED_WORKFLOWS",
                     "plannedWorkflows":[
                        {
                           "id":"418164b5-5427-4357-aafe-b4a74765933c",
                           "description":"Planned Workflow for DeprecatedStudy ACME001",
                           "startPoint":{
                              "id":"76b85084-425e-4f0c-a87e-38db938d8679",
                              "type":"SCREENING",
                              "startDate":1648147903979,
                              "endDate":1648147903979
                           },
                           "endPoint":{
                              "id":"e2073ca5-7998-4473-9063-a06b8839099f",
                              "type":"SCREENING",
                              "startDate":1648147903979,
                              "endDate":1648147903979
                           },
                           "workflowItemMatrix":{
                              "id":"c21261fb-881c-444f-b9a8-e27bf971f835",
                              "matrix":[
                                 {
                                    "items":[
                                       {
                                          "id":"ef0d39ca-165d-462f-8310-70c5b9e9f705",
                                          "description":"go to next when subject has systolic blood pressure below 130 mmHg",
                                          "fromPointInTime":{
                                             "id":"d3581ed4-319a-4c5b-b3b2-aea908a32cc0",
                                             "type":"SCREENING",
                                             "startDate":1648147903981,
                                             "endDate":1648147903981
                                          },
                                          "toPointInTime":{
                                             "id":"6be42153-63de-4d10-9f56-431b3d1e9622",
                                             "type":"SCREENING",
                                             "startDate":1648147903981,
                                             "endDate":1648147903981
                                          },
                                          "activity":{
                                             "id":"4c23636a-a46a-480e-b928-76c03ba16c56",
                                             "description":"Some common activity",
                                             "definedProcedures":[
                                                {
                                                   "procedureCode":"testCode"
                                                }
                                             ],
                                             "studyDataCollection":[
                                                {
                                                   "id":"f76aaa8d-5592-48a6-9299-81ca6f678ec9",
                                                   "name":"Systolic Blood Pressure",
                                                   "description":"Measurement of systolic blood pressure in sitting position in either mm or cm Mercury column",
                                                   "eCRFLink":"https://library.cdisc.org/api/mdr/cdashig/2-1/domains/VS"
                                                }
                                             ]
                                          },
                                          "encounter":{
                                             "id":"9e01b36a-72d9-4c15-b397-84c4db074e87",
                                             "name":"test visit",
                                             "description":"visit description",
                                             "startRule":{
                                                "id":"a74530f4-ad4c-43a9-9fa7-0649a777bffe",
                                                "description":"start rule",
                                                "coding":[
                                                   {
                                                      "code":"xyz",
                                                      "codeSystem":"test system",
                                                      "codeSystemVersion":"1.0",
                                                      "decode":"the decode string"
                                                   }
                                                ]
                                             },
                                             "endRule":{
                                                "id":"e4ceeb4c-9b4c-455e-a036-4fc12aa899c7",
                                                "description":"end rule",
                                                "coding":[
                                                   {
                                                      "code":"xyz",
                                                      "codeSystem":"test system",
                                                      "codeSystemVersion":"1.0",
                                                      "decode":"the decode string"
                                                   }
                                                ]
                                             },
                                             "epoch":{
                                                "id":"e32fb828-24ea-4d74-91e2-e0d656f7538a",
                                                "epochType":"SCREENING",
                                                "name":"First treatment epoch",
                                                "description":"First treatment epoch with low dose",
                                                "sequenceInStudy":1
                                             },
                                             "contactMode":"IN_PERSON",
                                             "environmentalSetting":"CLINIC"
                                          },
                                          "previousItemsInSequence":[
                                             
                                          ],
                                          "nextItemsInSequence":[
                                             "5f1993e6-a588-4f77-8d47-bcde586477f1"
                                          ]
                                       },
                                       {
                                          "id":"5f1993e6-a588-4f77-8d47-bcde586477f1",
                                          "description":"go to next when subject has systolic blood pressure below 130 mmHg",
                                          "fromPointInTime":{
                                             "id":"926db213-3282-4380-9f68-e7193870e3ab",
                                             "type":"SCREENING",
                                             "startDate":1648147903984,
                                             "endDate":1648147903984
                                          },
                                          "toPointInTime":{
                                             "id":"5ff39fc9-6669-48dd-8c08-5d99bfab6e6a",
                                             "type":"SCREENING",
                                             "startDate":1648147903984,
                                             "endDate":1648147903984
                                          },
                                          "activity":{
                                             "id":"24249cc8-cea6-45d0-931a-eee909dbc002",
                                             "description":"Some common activity",
                                             "definedProcedures":[
                                                {
                                                   "procedureCode":"testCode"
                                                }
                                             ],
                                             "studyDataCollection":[
                                                {
                                                   "id":"cbdd8511-2a67-45c0-a0b1-8f6d5db8f806",
                                                   "name":"Systolic Blood Pressure",
                                                   "description":"Measurement of systolic blood pressure in sitting position in either mm or cm Mercury column",
                                                   "eCRFLink":"https://library.cdisc.org/api/mdr/cdashig/2-1/domains/VS"
                                                }
                                             ]
                                          },
                                          "encounter":{
                                             "id":"b850c0de-59a3-46c6-8007-13a0b7a8f26a",
                                             "name":"test visit",
                                             "description":"visit description",
                                             "startRule":{
                                                "id":"ebc90bf5-6e77-44e6-bfb2-2ccfce4f9eec",
                                                "description":"start rule",
                                                "coding":[
                                                   {
                                                      "code":"xyz",
                                                      "codeSystem":"test system",
                                                      "codeSystemVersion":"1.0",
                                                      "decode":"the decode string"
                                                   }
                                                ]
                                             },
                                             "endRule":{
                                                "id":"60b62f93-2f75-449b-a45a-c55561f5222e",
                                                "description":"end rule",
                                                "coding":[
                                                   {
                                                      "code":"xyz",
                                                      "codeSystem":"test system",
                                                      "codeSystemVersion":"1.0",
                                                      "decode":"the decode string"
                                                   }
                                                ]
                                             },
                                             "epoch":{
                                                "id":"8fd2cda1-4c80-4600-ae38-61d88f8680eb",
                                                "epochType":"SCREENING",
                                                "name":"First treatment epoch",
                                                "description":"First treatment epoch with low dose",
                                                "sequenceInStudy":1
                                             },
                                             "contactMode":"IN_PERSON",
                                             "environmentalSetting":"CLINIC"
                                          },
                                          "previousItemsInSequence":[
                                             "ef0d39ca-165d-462f-8310-70c5b9e9f705"
                                          ],
                                          "nextItemsInSequence":[
                                             
                                          ]
                                       }
                                    ],
                                    "id":"16df7735-25ab-4f90-b845-44e356ce24da"
                                 }
                              ]
                           }
                        }
                     ]
                  },
                  {
                     "id":"967e6ba5-d755-472d-83e2-457ddb01c686",
                     "sectionType":"STUDY_CELLS",
                     "studyCells":[
                        {
                           "id":"41c2a588-a52d-4877-9d34-8d0017c2278a",
                           "studyElements":[
                              {
                                 "id":"79403156-18f5-4df4-a492-84ffc18ca3d5",
                                 "name":"washout after treatment element",
                                 "description":"This element is for washout after treatment with either active ingredient or placebo",
                                 "startRule":{
                                    "id":"9c07bcd8-8f22-49a1-9870-c59e9be01e68",
                                    "description":"Textual description of the rule",
                                    "coding":[
                                       {
                                          "code":"test transition rule in Python",
                                          "codeSystem":"Python",
                                          "codeSystemVersion":"1.0",
                                          "decode":"???"
                                       }
                                    ]
                                 },
                                 "endRule":{
                                    "id":"18106385-cd22-4853-9921-f47f31cdbde5",
                                    "description":"Textual description of the rule",
                                    "coding":[
                                       {
                                          "code":"test transition rule in Perl",
                                          "codeSystem":"Perl",
                                          "codeSystemVersion":"1.0",
                                          "decode":"???"
                                       }
                                    ]
                                 }
                              }
                           ],
                           "studyArm":{
                              "description":"200mg Ibuprofen active comparator arm",
                              "id":"1af80ab2-72a0-4711-b943-55b1cc0a85da",
                              "studyArmType":"ACTIVE_COMPARATOR_ARM",
                              "studyOriginType":"INTERNAL",
                              "studyArmOrigin":"HISTORICAL",
                              "name":"My Comparator Arm"
                           },
                           "studyEpoch":{
                              "id":"f5947e06-4789-40a2-9e9e-3c270f53bb24",
                              "epochType":"SCREENING",
                              "name":"First treatment epoch",
                              "description":"First treatment epoch with low dose",
                              "sequenceInStudy":2
                           }
                        }
                     ]
                  },
                  {
                     "id":"d6725b51-9fd8-462c-8285-c95c08b18c12",
                     "sectionType":"INVESTIGATIONAL_INTERVENTIONS",
                     "investigationalInterventions":[
                        {
                           "id":"ab23fa27-63e5-4924-89d3-95daea2e0db2",
                           "description":"Donepezil",
                           "coding":[
                              {
                                 "code":"013189 01 001",
                                 "codeSystem":"WHODrug Global",
                                 "codeSystemVersion":"March 1, 2022",
                                 "decode":"Donepezil"
                              }
                           ],
                           "interventionModel":"SEQUENTIAL",
                           "status":"A Status"
                        }
                     ]
                  }
               ],
               "studyDesignId":"356b89d5-2d4c-4e41-aac9-5b570db34d51"
            }
         ]
      },
      {
         "id":"3b63878c-47e3-4de1-8db1-80f7e1d90e01",
         "sectionType":"OBJECTIVES",
         "objectives":[
            {
               "description":"Example trial objective",
               "endpoints":[
                  {
                     "description":"Cumulative incidence of virus detection in sputum samples among participants up to...",
                     "purpose":"EFFICACY",
                     "id":"3d1197d9-a08e-4643-8251-49f99abb82c0",
                     "outcomeLevel":"PRIMARY"
                  }
               ],
               "id":"bfbc2835-fcab-4926-9c8f-2c0cf11d3503",
               "level":"PRIMARY"
            }
         ]
      }
   ]
}